[{"constant":true,"inputs":[{"name":"_address","type":"address"}],"name":"overallApprovalStatus","outputs":[{"name":"","type":"bool"},{"name":"","type":"string"},{"name":"","type":"string"},{"name":"","type":"string"},{"name":"","type":"string"}],"payable":false,"stateMutability":"view","type":"function"},{"constant":true,"inputs":[{"name":"_address","type":"address"}],"name":"getLand","outputs":[{"name":"","type":"string"},{"name":"","type":"string"},{"name":"","type":"uint256"},{"name":"","type":"string"}],"payable":false,"stateMutability":"view","type":"function"},{"constant":true,"inputs":[],"name":"contractOwner","outputs":[{"name":"","type":"address"}],"payable":false,"stateMutability":"view","type":"function"},{"constant":false,"inputs":[{"name":"_newOwnerAddress","type":"address"}],"name":"changeContractOwner","outputs":[],"payable":false,"stateMutability":"nonpayable","type":"function"},{"anonymous":false,"inputs":[{"indexed":false,"name":"_name","type":"string"},{"indexed":false,"name":"_address","type":"address"},{"indexed":false,"name":"_surveyNumber","type":"uint256"},{"indexed":false,"name":"nocStatus","type":"string"}],"name":"eveSubmitNOC","type":"event"},{"constant":false,"inputs":[{"name":"_address","type":"address"},{"name":"_forestAuthority","type":"string"},{"name":"_reasonForRejection","type":"string"}],"name":"forestAuthorityApproval","outputs":[{"name":"","type":"bool"}],"payable":true,"stateMutability":"payable","type":"function"},{"constant":false,"inputs":[],"name":"getNOCRequestedLocations","outputs":[{"name":"","type":"string"},{"name":"","type":"string"},{"name":"","type":"uint256"}],"payable":false,"stateMutability":"nonpayable","type":"function"},{"constant":false,"inputs":[{"name":"_address","type":"address"},{"name":"_lakeAuthority","type":"string"},{"name":"_reasonForRejection","type":"string"}],"name":"lakeAuthorityApproval","outputs":[{"name":"","type":"bool"}],"payable":true,"stateMutability":"payable","type":"function"},{"constant":false,"inputs":[{"name":"_location","type":"string"},{"name":"_name","type":"string"},{"name":"_address","type":"address"},{"name":"_surveyNumber","type":"uint256"}],"name":"setLand","outputs":[],"payable":false,"stateMutability":"nonpayable","type":"function"},{"constant":false,"inputs":[{"name":"_location","type":"string"},{"name":"_name","type":"string"},{"name":"_address","type":"address"},{"name":"_surveyNumber","type":"uint256"}],"name":"submitNOC","outputs":[{"name":"","type":"bool"}],"payable":true,"stateMutability":"payable","type":"function"}]